prior,run,seed,iteration,log_X,order,symmetry,ising
dsl,6,48,0,0.0,0.0,0.4,0.9838709677419355
dsl,6,48,1,-0.02,0.0,0.8,0.967741935483871
dsl,6,48,2,-0.04,0.0,0.4,0.9838709677419355
dsl,6,48,3,-0.06,0.0,0.71875,0.936491935483871
dsl,6,48,4,-0.08,0.0,0.50625,0.96875
dsl,6,48,5,-0.1,0.0,1.0,0.967741935483871
dsl,6,48,6,-0.12,0.0,0.4,0.9838709677419355
dsl,6,48,7,-0.14,0.0,0.4,0.9838709677419355
dsl,6,48,8,-0.16,0.0,0.4,0.9838709677419355
dsl,6,48,9,-0.18,0.0,1.0,1.0
dsl,6,48,10,-0.2,0.0,0.578125,0.9838709677419355
dsl,6,48,11,-0.22,0.0,0.4,0.9516129032258065
dsl,6,48,12,-0.24,0.0,0.4,0.9838709677419355
dsl,6,48,13,-0.26,0.0,1.0,1.0
dsl,6,48,14,-0.28,0.0,0.4,0.9838709677419355
dsl,6,48,15,-0.3,0.0,0.4,0.9838709677419355
dsl,6,48,16,-0.32,0.0,0.4,0.9838709677419355
dsl,6,48,17,-0.34,0.0,1.0,0.939516129032258
dsl,6,48,18,-0.36,0.0,0.4,0.9838709677419355
dsl,6,48,19,-0.38,0.0,1.0,0.939516129032258
dsl,6,48,20,-0.4,0.0,0.4,0.9838709677419355
dsl,6,48,21,-0.42,0.0,0.71875,0.936491935483871
dsl,6,48,22,-0.44,0.0,0.4,0.9838709677419355
dsl,6,48,23,-0.46,0.0,0.4,0.9838709677419355
dsl,6,48,24,-0.48,0.0,0.4,0.9838709677419355
dsl,6,48,25,-0.5,0.0,1.0,1.0
dsl,6,48,26,-0.52,0.0,0.4,0.9112903225806452
dsl,6,48,27,-0.54,0.0,1.0,0.939516129032258
dsl,6,48,28,-0.56,0.0,1.0,1.0
dsl,6,48,29,-0.58,0.0,1.0,0.939516129032258
dsl,6,48,30,-0.6,0.0,0.4,0.9838709677419355
dsl,6,48,31,-0.62,0.0,0.4,0.9838709677419355
dsl,6,48,32,-0.64,0.0,0.4,0.9838709677419355
dsl,6,48,33,-0.66,7.4364124293737285e-06,1.0,1.0
dsl,6,48,34,-0.68,7.4364124293737285e-06,1.0,1.0
dsl,6,48,35,-0.7,7.4364124293737285e-06,1.0,1.0
dsl,6,48,36,-0.72,7.4364124293737285e-06,1.0,1.0
dsl,6,48,37,-0.74,7.4364124293737285e-06,1.0,1.0
dsl,6,48,38,-0.76,7.4364124293737285e-06,1.0,1.0
dsl,6,48,39,-0.78,7.4364124293737285e-06,1.0,1.0
dsl,6,48,40,-0.8,7.4364124293737285e-06,1.0,1.0
dsl,6,48,41,-0.82,7.4364124293737285e-06,1.0,1.0
dsl,6,48,42,-0.84,7.4364124293737285e-06,1.0,1.0
dsl,6,48,43,-0.86,7.4364124293737285e-06,1.0,1.0
dsl,6,48,44,-0.88,7.4364124293737285e-06,1.0,1.0
dsl,6,48,45,-0.9,7.4364124293737285e-06,1.0,1.0
dsl,6,48,46,-0.92,7.4364124293737285e-06,1.0,1.0
dsl,6,48,47,-0.94,7.4364124293737285e-06,1.0,1.0
dsl,6,48,48,-0.96,7.4364124293737285e-06,1.0,1.0
dsl,6,48,49,-0.98,7.4364124293737285e-06,1.0,1.0
dsl,6,48,50,-1.0,7.4364124293737285e-06,1.0,1.0
dsl,6,48,51,-1.02,7.4364124293737285e-06,1.0,1.0
dsl,6,48,52,-1.04,7.4364124293737285e-06,1.0,1.0
dsl,6,48,53,-1.06,7.4364124293737285e-06,1.0,1.0
dsl,6,48,54,-1.08,7.4364124293737285e-06,1.0,1.0
dsl,6,48,55,-1.1,7.4364124293737285e-06,1.0,1.0
dsl,6,48,56,-1.12,7.4364124293737285e-06,1.0,1.0
dsl,6,48,57,-1.14,7.4364124293737285e-06,1.0,1.0
dsl,6,48,58,-1.16,7.4364124293737285e-06,1.0,1.0
dsl,6,48,59,-1.18,7.4364124293737285e-06,1.0,1.0
dsl,6,48,60,-1.2,7.4364124293737285e-06,1.0,1.0
dsl,6,48,61,-1.22,7.4364124293737285e-06,1.0,1.0
dsl,6,48,62,-1.24,7.4364124293737285e-06,1.0,1.0
dsl,6,48,63,-1.26,7.4364124293737285e-06,1.0,1.0
dsl,6,48,64,-1.28,7.4364124293737285e-06,1.0,1.0
dsl,6,48,65,-1.3,7.4364124293737285e-06,1.0,1.0
dsl,6,48,66,-1.32,7.4364124293737285e-06,1.0,1.0
dsl,6,48,67,-1.34,7.4364124293737285e-06,1.0,1.0
dsl,6,48,68,-1.36,7.4364124293737285e-06,1.0,1.0
dsl,6,48,69,-1.38,7.4364124293737285e-06,1.0,1.0
dsl,6,48,70,-1.4,7.4364124293737285e-06,1.0,1.0
dsl,6,48,71,-1.42,7.4364124293737285e-06,1.0,1.0
dsl,6,48,72,-1.44,7.4364124293737285e-06,1.0,1.0
dsl,6,48,73,-1.46,7.4364124293737285e-06,1.0,1.0
dsl,6,48,74,-1.48,7.4364124293737285e-06,1.0,1.0
dsl,6,48,75,-1.5,7.4364124293737285e-06,1.0,1.0
dsl,6,48,76,-1.52,7.4364124293737285e-06,1.0,1.0
dsl,6,48,77,-1.54,7.4364124293737285e-06,1.0,1.0
dsl,6,48,78,-1.56,7.4364124293737285e-06,1.0,1.0
dsl,6,48,79,-1.58,7.4364124293737285e-06,1.0,1.0
dsl,6,48,80,-1.6,7.4364124293737285e-06,1.0,1.0
dsl,6,48,81,-1.62,7.4364124293737285e-06,1.0,1.0
dsl,6,48,82,-1.64,7.4364124293737285e-06,1.0,1.0
dsl,6,48,83,-1.66,7.4364124293737285e-06,1.0,1.0
dsl,6,48,84,-1.68,7.4364124293737285e-06,1.0,1.0
dsl,6,48,85,-1.7,7.4364124293737285e-06,1.0,1.0
dsl,6,48,86,-1.72,7.4364124293737285e-06,1.0,1.0
dsl,6,48,87,-1.74,7.4364124293737285e-06,1.0,1.0
dsl,6,48,88,-1.76,7.4364124293737285e-06,1.0,1.0
dsl,6,48,89,-1.78,7.4364124293737285e-06,1.0,1.0
dsl,6,48,90,-1.8,7.4364124293737285e-06,1.0,1.0
dsl,6,48,91,-1.82,7.4364124293737285e-06,1.0,1.0
dsl,6,48,92,-1.84,7.4364124293737285e-06,1.0,1.0
dsl,6,48,93,-1.86,7.4364124293737285e-06,1.0,1.0
dsl,6,48,94,-1.88,7.4364124293737285e-06,1.0,1.0
dsl,6,48,95,-1.9,7.4364124293737285e-06,1.0,1.0
dsl,6,48,96,-1.92,7.4364124293737285e-06,1.0,1.0
dsl,6,48,97,-1.94,7.4364124293737285e-06,1.0,1.0
dsl,6,48,98,-1.96,7.4364124293737285e-06,1.0,1.0
dsl,6,48,99,-1.98,7.4364124293737285e-06,1.0,1.0
dsl,6,48,100,-2.0,7.4364124293737285e-06,1.0,1.0
dsl,6,48,101,-2.02,7.4364124293737285e-06,1.0,1.0
dsl,6,48,102,-2.04,7.4364124293737285e-06,1.0,1.0
dsl,6,48,103,-2.06,7.4364124293737285e-06,1.0,1.0
dsl,6,48,104,-2.08,7.4364124293737285e-06,1.0,1.0
dsl,6,48,105,-2.1,7.4364124293737285e-06,1.0,1.0
dsl,6,48,106,-2.12,7.4364124293737285e-06,1.0,1.0
dsl,6,48,107,-2.14,7.4364124293737285e-06,1.0,1.0
dsl,6,48,108,-2.16,7.4364124293737285e-06,1.0,1.0
dsl,6,48,109,-2.18,7.4364124293737285e-06,1.0,1.0
dsl,6,48,110,-2.2,7.4364124293737285e-06,1.0,1.0
dsl,6,48,111,-2.22,7.4364124293737285e-06,1.0,1.0
dsl,6,48,112,-2.24,7.4364124293737285e-06,1.0,1.0
dsl,6,48,113,-2.26,7.4364124293737285e-06,1.0,1.0
dsl,6,48,114,-2.28,7.4364124293737285e-06,1.0,1.0
dsl,6,48,115,-2.3,7.4364124293737285e-06,1.0,1.0
dsl,6,48,116,-2.32,7.4364124293737285e-06,1.0,1.0
dsl,6,48,117,-2.34,7.4364124293737285e-06,1.0,1.0
dsl,6,48,118,-2.36,7.4364124293737285e-06,1.0,1.0
dsl,6,48,119,-2.38,7.4364124293737285e-06,1.0,1.0
dsl,6,48,120,-2.4,7.4364124293737285e-06,1.0,1.0
dsl,6,48,121,-2.42,7.4364124293737285e-06,1.0,1.0
dsl,6,48,122,-2.44,7.4364124293737285e-06,1.0,1.0
dsl,6,48,123,-2.46,7.4364124293737285e-06,1.0,1.0
dsl,6,48,124,-2.48,7.4364124293737285e-06,1.0,1.0
dsl,6,48,125,-2.5,7.4364124293737285e-06,1.0,1.0
dsl,6,48,126,-2.52,7.4364124293737285e-06,1.0,1.0
dsl,6,48,127,-2.54,7.4364124293737285e-06,1.0,1.0
dsl,6,48,128,-2.56,7.4364124293737285e-06,1.0,1.0
dsl,6,48,129,-2.58,7.4364124293737285e-06,1.0,1.0
dsl,6,48,130,-2.6,7.4364124293737285e-06,1.0,1.0
dsl,6,48,131,-2.62,7.4364124293737285e-06,1.0,1.0
dsl,6,48,132,-2.64,7.4364124293737285e-06,1.0,1.0
dsl,6,48,133,-2.66,7.4364124293737285e-06,1.0,1.0
dsl,6,48,134,-2.68,7.4364124293737285e-06,1.0,1.0
dsl,6,48,135,-2.7,0.0013539766450264285,1.0,0.967741935483871
dsl,6,48,136,-2.72,0.0013539766450264285,1.0,0.967741935483871
dsl,6,48,137,-2.74,0.0013539766450264285,1.0,0.967741935483871
dsl,6,48,138,-2.76,0.0013539766450264285,1.0,0.967741935483871
dsl,6,48,139,-2.78,0.0013539766450264285,1.0,0.967741935483871
dsl,6,48,140,-2.8,0.0013539766450264285,1.0,0.967741935483871
dsl,6,48,141,-2.82,0.0013539766450264285,1.0,0.967741935483871
dsl,6,48,142,-2.84,0.0013539766450264285,1.0,0.967741935483871
dsl,6,48,143,-2.86,0.0013539766450264285,1.0,0.967741935483871
dsl,6,48,144,-2.88,0.0013539766450264285,1.0,0.967741935483871
dsl,6,48,145,-2.9,0.0013539766450264285,1.0,0.967741935483871
dsl,6,48,146,-2.92,0.0013539766450264285,1.0,0.967741935483871
dsl,6,48,147,-2.94,0.0013539766450264285,1.0,0.967741935483871
dsl,6,48,148,-2.96,0.0013539766450264285,1.0,0.967741935483871
dsl,6,48,149,-2.98,0.0013539766450264285,1.0,0.967741935483871
dsl,6,48,150,-3.0,0.0013539766450264285,1.0,0.967741935483871
dsl,6,48,151,-3.02,0.0013539766450264285,1.0,0.967741935483871
dsl,6,48,152,-3.04,0.0013539766450264285,1.0,0.967741935483871
dsl,6,48,153,-3.06,0.0013539766450264285,1.0,0.967741935483871
dsl,6,48,154,-3.08,0.0024058411925996243,1.0,0.967741935483871
dsl,6,48,155,-3.1,0.004998060413529182,1.0,0.9637096774193548
dsl,6,48,156,-3.12,0.004998060413529182,1.0,0.9637096774193548
dsl,6,48,157,-3.14,0.004998060413529182,1.0,0.9637096774193548
dsl,6,48,158,-3.16,0.004998060413529182,1.0,0.9637096774193548
dsl,6,48,159,-3.18,0.004998060413529182,1.0,0.9637096774193548
dsl,6,48,160,-3.2,0.004998060413529182,1.0,0.9637096774193548
dsl,6,48,161,-3.22,0.004998060413529182,1.0,0.9637096774193548
dsl,6,48,162,-3.24,0.004998060413529182,1.0,0.9637096774193548
dsl,6,48,163,-3.26,0.004998060413529182,1.0,0.9637096774193548
dsl,6,48,164,-3.28,0.004998060413529182,1.0,0.9637096774193548
dsl,6,48,165,-3.3,0.004998060413529182,1.0,0.9637096774193548
dsl,6,48,166,-3.32,0.004998060413529182,1.0,0.9637096774193548
dsl,6,48,167,-3.34,0.004998060413529182,1.0,0.9637096774193548
dsl,6,48,168,-3.36,0.004998060413529182,1.0,0.9637096774193548
dsl,6,48,169,-3.38,0.004998060413529182,1.0,0.9637096774193548
dsl,6,48,170,-3.4,0.004998060413529182,1.0,0.9637096774193548
dsl,6,48,171,-3.42,0.004998060413529182,1.0,0.9637096774193548
dsl,6,48,172,-3.44,0.004998060413529182,1.0,0.9637096774193548
dsl,6,48,173,-3.46,0.004998060413529182,1.0,0.9637096774193548
dsl,6,48,174,-3.48,0.004998060413529182,1.0,0.9637096774193548
dsl,6,48,175,-3.5,0.005711972006357141,0.896875,0.9576612903225806
dsl,6,48,176,-3.52,0.005711972006357141,0.896875,0.9576612903225806
dsl,6,48,177,-3.54,0.005711972006357141,0.896875,0.9576612903225806
dsl,6,48,178,-3.56,0.005711972006357141,0.896875,0.9576612903225806
dsl,6,48,179,-3.58,0.005711972006357141,0.896875,0.9576612903225806
dsl,6,48,180,-3.6,0.005711972006357141,0.896875,0.9576612903225806
dsl,6,48,181,-3.62,0.005711972006357141,0.896875,0.9576612903225806
dsl,6,48,182,-3.64,0.005711972006357141,0.896875,0.9576612903225806
dsl,6,48,183,-3.66,0.005711972006357141,0.896875,0.9576612903225806
dsl,6,48,184,-3.68,0.007828779849499664,1.0,0.939516129032258
dsl,6,48,185,-3.7,0.007828779849499664,1.0,0.939516129032258
dsl,6,48,186,-3.72,0.007828779849499664,1.0,0.939516129032258
dsl,6,48,187,-3.74,0.007828779849499664,1.0,0.939516129032258
dsl,6,48,188,-3.76,0.007828779849499664,1.0,0.939516129032258
dsl,6,48,189,-3.78,0.007828779849499664,1.0,0.939516129032258
dsl,6,48,190,-3.8,0.007828779849499664,1.0,0.939516129032258
dsl,6,48,191,-3.82,0.007828779849499664,1.0,0.939516129032258
dsl,6,48,192,-3.84,0.007828779849499664,1.0,0.939516129032258
dsl,6,48,193,-3.86,0.007828779849499664,1.0,0.939516129032258
dsl,6,48,194,-3.88,0.007828779849499664,1.0,0.939516129032258
dsl,6,48,195,-3.9,0.007828779849499664,1.0,0.939516129032258
dsl,6,48,196,-3.92,0.007828779849499664,1.0,0.939516129032258
dsl,6,48,197,-3.94,0.007828779849499664,1.0,0.939516129032258
dsl,6,48,198,-3.96,0.007828779849499664,1.0,0.939516129032258
dsl,6,48,199,-3.98,0.007828779849499664,1.0,0.939516129032258
dsl,6,48,200,-4.0,0.007828779849499664,1.0,0.939516129032258
dsl,6,48,201,-4.02,0.007828779849499664,1.0,0.939516129032258
dsl,6,48,202,-4.04,0.007828779849499664,1.0,0.939516129032258
dsl,6,48,203,-4.06,0.007828779849499664,1.0,0.939516129032258
dsl,6,48,204,-4.08,0.007828779849499664,1.0,0.939516129032258
dsl,6,48,205,-4.1,0.007828779849499664,1.0,0.939516129032258
dsl,6,48,206,-4.12,0.007828779849499664,1.0,0.939516129032258
dsl,6,48,207,-4.14,0.007828779849499664,1.0,0.939516129032258
dsl,6,48,208,-4.16,0.007828779849499664,1.0,0.939516129032258
dsl,6,48,209,-4.18,0.007828779849499664,1.0,0.939516129032258
dsl,6,48,210,-4.2,0.007828779849499664,1.0,0.939516129032258
dsl,6,48,211,-4.22,0.007828779849499664,1.0,0.939516129032258
dsl,6,48,212,-4.24,0.007828779849499664,1.0,0.939516129032258
dsl,6,48,213,-4.26,0.007828779849499664,1.0,0.939516129032258
dsl,6,48,214,-4.28,0.007828779849499664,1.0,0.939516129032258
dsl,6,48,215,-4.3,0.007828779849499664,1.0,0.939516129032258
dsl,6,48,216,-4.32,0.007828779849499664,1.0,0.939516129032258
dsl,6,48,217,-4.34,0.007828779849499664,1.0,0.939516129032258
dsl,6,48,218,-4.36,0.007828779849499664,1.0,0.939516129032258
dsl,6,48,219,-4.38,0.007828779849499664,1.0,0.939516129032258
dsl,6,48,220,-4.4,0.007828779849499664,1.0,0.939516129032258
dsl,6,48,221,-4.42,0.007828779849499664,1.0,0.939516129032258
dsl,6,48,222,-4.44,0.007828779849499664,1.0,0.939516129032258
dsl,6,48,223,-4.46,0.007828779849499664,1.0,0.939516129032258
dsl,6,48,224,-4.48,0.007828779849499664,1.0,0.939516129032258
dsl,6,48,225,-4.5,0.007828779849499664,1.0,0.939516129032258
dsl,6,48,226,-4.52,0.007828779849499664,1.0,0.939516129032258
dsl,6,48,227,-4.54,0.007828779849499664,1.0,0.939516129032258
dsl,6,48,228,-4.56,0.007828779849499664,1.0,0.939516129032258
dsl,6,48,229,-4.58,0.007828779849499664,1.0,0.939516129032258
dsl,6,48,230,-4.6,0.007828779849499664,1.0,0.939516129032258
dsl,6,48,231,-4.62,0.007828779849499664,1.0,0.939516129032258
dsl,6,48,232,-4.64,0.007828779849499664,1.0,0.939516129032258
dsl,6,48,233,-4.66,0.007828779849499664,1.0,0.939516129032258
dsl,6,48,234,-4.68,0.007828779849499664,1.0,0.939516129032258
dsl,6,48,235,-4.7,0.007828779849499664,1.0,0.939516129032258
dsl,6,48,236,-4.72,0.01226921444788983,1.0,0.9596774193548387
dsl,6,48,237,-4.74,0.01226921444788983,1.0,0.9596774193548387
dsl,6,48,238,-4.76,0.01226921444788983,1.0,0.9596774193548387
dsl,6,48,239,-4.78,0.01226921444788983,1.0,0.9596774193548387
dsl,6,48,240,-4.8,0.01226921444788983,1.0,0.9596774193548387
dsl,6,48,241,-4.82,0.01226921444788983,1.0,0.9596774193548387
dsl,6,48,242,-4.84,0.02631219941242278,0.8875,0.9536290322580645
dsl,6,48,243,-4.86,0.03387767969535396,1.0,0.9516129032258065
dsl,6,48,244,-4.88,0.03387767969535396,1.0,0.9516129032258065
dsl,6,48,245,-4.9,0.03465834734532087,0.928125,0.9495967741935484
dsl,6,48,246,-4.92,0.03465834734532087,0.928125,0.9495967741935484
dsl,6,48,247,-4.94,0.03465834734532087,0.928125,0.9495967741935484
dsl,6,48,248,-4.96,0.03465834734532087,0.928125,0.9495967741935484
dsl,6,48,249,-4.98,0.03465834734532087,0.928125,0.9495967741935484
dsl,6,48,250,-5.0,0.03465834734532087,0.928125,0.9495967741935484
dsl,6,48,251,-5.02,0.03465834734532087,0.928125,0.9495967741935484
dsl,6,48,252,-5.04,0.03465834734532087,0.928125,0.9495967741935484
dsl,6,48,253,-5.06,0.03465834734532087,0.928125,0.9495967741935484
dsl,6,48,254,-5.08,0.03465834734532087,0.928125,0.9495967741935484
dsl,6,48,255,-5.1,0.03465834734532087,0.928125,0.9495967741935484
dsl,6,48,256,-5.12,0.03465834734532087,0.928125,0.9495967741935484
dsl,6,48,257,-5.14,0.03465834734532087,0.928125,0.9495967741935484
dsl,6,48,258,-5.16,0.03465834734532087,0.928125,0.9495967741935484
dsl,6,48,259,-5.18,0.03465834734532087,0.928125,0.9495967741935484
dsl,6,48,260,-5.2,0.03465834734532087,0.928125,0.9495967741935484
dsl,6,48,261,-5.22,0.03465834734532087,0.928125,0.9495967741935484
dsl,6,48,262,-5.24,0.03465834734532087,0.928125,0.9495967741935484
dsl,6,48,263,-5.26,0.03465834734532087,0.928125,0.9495967741935484
dsl,6,48,264,-5.28,0.03465834734532087,0.928125,0.9495967741935484
dsl,6,48,265,-5.3,0.03465834734532087,0.928125,0.9495967741935484
dsl,6,48,266,-5.32,0.03465834734532087,0.928125,0.9495967741935484
dsl,6,48,267,-5.34,0.03465834734532087,0.928125,0.9495967741935484
dsl,6,48,268,-5.36,0.03465834734532087,0.928125,0.9495967741935484
dsl,6,48,269,-5.38,0.03465834734532087,0.928125,0.9495967741935484
dsl,6,48,270,-5.4,0.03465834734532087,0.928125,0.9495967741935484
dsl,6,48,271,-5.42,0.03465834734532087,0.928125,0.9495967741935484
dsl,6,48,272,-5.44,0.03465834734532087,0.928125,0.9495967741935484
dsl,6,48,273,-5.46,0.03465834734532087,0.928125,0.9495967741935484
dsl,6,48,274,-5.48,0.03465834734532087,0.928125,0.9495967741935484
dsl,6,48,275,-5.5,0.03465834734532087,0.928125,0.9495967741935484
dsl,6,48,276,-5.52,0.03465834734532087,0.928125,0.9495967741935484
dsl,6,48,277,-5.54,0.03465834734532087,0.928125,0.9495967741935484
dsl,6,48,278,-5.56,0.03465834734532087,0.928125,0.9495967741935484
dsl,6,48,279,-5.58,0.03465834734532087,0.928125,0.9495967741935484
dsl,6,48,280,-5.6,0.03465834734532087,0.928125,0.9495967741935484
dsl,6,48,281,-5.62,0.03465834734532087,0.928125,0.9495967741935484
dsl,6,48,282,-5.64,0.03465834734532087,0.928125,0.9495967741935484
dsl,6,48,283,-5.66,0.03465834734532087,0.928125,0.9495967741935484
dsl,6,48,284,-5.68,0.03465834734532087,0.928125,0.9495967741935484
dsl,6,48,285,-5.7,0.03465834734532087,0.928125,0.9495967741935484
dsl,6,48,286,-5.72,0.03465834734532087,0.928125,0.9495967741935484
dsl,6,48,287,-5.74,0.03465834734532087,0.928125,0.9495967741935484
dsl,6,48,288,-5.76,0.03465834734532087,0.928125,0.9495967741935484
dsl,6,48,289,-5.78,0.03465834734532087,0.928125,0.9495967741935484
dsl,6,48,290,-5.8,0.03465834734532087,0.928125,0.9495967741935484
dsl,6,48,291,-5.82,0.03465834734532087,0.928125,0.9495967741935484
dsl,6,48,292,-5.84,0.03465834734532087,0.928125,0.9495967741935484
dsl,6,48,293,-5.86,0.03465834734532087,0.928125,0.9495967741935484
dsl,6,48,294,-5.88,0.03465834734532087,0.928125,0.9495967741935484
dsl,6,48,295,-5.9,0.03465834734532087,0.928125,0.9495967741935484
dsl,6,48,296,-5.92,0.03465834734532087,0.928125,0.9495967741935484
dsl,6,48,297,-5.94,0.03465834734532087,0.928125,0.9495967741935484
dsl,6,48,298,-5.96,0.03465834734532087,0.928125,0.9495967741935484
dsl,6,48,299,-5.98,0.03465834734532087,0.928125,0.9495967741935484
dsl,6,48,300,-6.0,0.03465834734532087,0.928125,0.9495967741935484
dsl,6,48,301,-6.02,0.03465834734532087,0.928125,0.9495967741935484
dsl,6,48,302,-6.04,0.03465834734532087,0.928125,0.9495967741935484
dsl,6,48,303,-6.06,0.03465834734532087,0.928125,0.9495967741935484
dsl,6,48,304,-6.08,0.03465834734532087,0.928125,0.9495967741935484
dsl,6,48,305,-6.1,0.03465834734532087,0.928125,0.9495967741935484
dsl,6,48,306,-6.12,0.03465834734532087,0.928125,0.9495967741935484
dsl,6,48,307,-6.14,0.03465834734532087,0.928125,0.9495967741935484
dsl,6,48,308,-6.16,0.03465834734532087,0.928125,0.9495967741935484
dsl,6,48,309,-6.18,0.03465834734532087,0.928125,0.9495967741935484
dsl,6,48,310,-6.2,0.03465834734532087,0.928125,0.9495967741935484
dsl,6,48,311,-6.22,0.03465834734532087,0.928125,0.9495967741935484
dsl,6,48,312,-6.24,0.03465834734532087,0.928125,0.9495967741935484
dsl,6,48,313,-6.26,0.03465834734532087,0.928125,0.9495967741935484
dsl,6,48,314,-6.28,0.03465834734532087,0.928125,0.9495967741935484
dsl,6,48,315,-6.3,0.03465834734532087,0.928125,0.9495967741935484
dsl,6,48,316,-6.32,0.03465834734532087,0.928125,0.9495967741935484
dsl,6,48,317,-6.34,0.03465834734532087,0.928125,0.9495967741935484
dsl,6,48,318,-6.36,0.03465834734532087,0.928125,0.9495967741935484
dsl,6,48,319,-6.38,0.03465834734532087,0.928125,0.9495967741935484
dsl,6,48,320,-6.4,0.03465834734532087,0.928125,0.9495967741935484
dsl,6,48,321,-6.42,0.03465834734532087,0.928125,0.9495967741935484
dsl,6,48,322,-6.44,0.03465834734532087,0.928125,0.9495967741935484
dsl,6,48,323,-6.46,0.03465834734532087,0.928125,0.9495967741935484
dsl,6,48,324,-6.48,0.03465834734532087,0.928125,0.9495967741935484
dsl,6,48,325,-6.5,0.03465834734532087,0.928125,0.9495967741935484
dsl,6,48,326,-6.52,0.03465834734532087,0.928125,0.9495967741935484
dsl,6,48,327,-6.54,0.03465834734532087,0.928125,0.9495967741935484
dsl,6,48,328,-6.56,0.03465834734532087,0.928125,0.9495967741935484
dsl,6,48,329,-6.58,0.03465834734532087,0.928125,0.9495967741935484
dsl,6,48,330,-6.6,0.03465834734532087,0.928125,0.9495967741935484
dsl,6,48,331,-6.62,0.03465834734532087,0.928125,0.9495967741935484
dsl,6,48,332,-6.64,0.03465834734532087,0.928125,0.9495967741935484
dsl,6,48,333,-6.66,0.03465834734532087,0.928125,0.9495967741935484
dsl,6,48,334,-6.68,0.03465834734532087,0.928125,0.9495967741935484
dsl,6,48,335,-6.7,0.03465834734532087,0.928125,0.9495967741935484
dsl,6,48,336,-6.72,0.03465834734532087,0.928125,0.9495967741935484
dsl,6,48,337,-6.74,0.03465834734532087,0.928125,0.9495967741935484
dsl,6,48,338,-6.76,0.03465834734532087,0.928125,0.9495967741935484
dsl,6,48,339,-6.78,0.03465834734532087,0.928125,0.9495967741935484
dsl,6,48,340,-6.8,0.03465834734532087,0.928125,0.9495967741935484
dsl,6,48,341,-6.82,0.03465834734532087,0.928125,0.9495967741935484
dsl,6,48,342,-6.84,0.03465834734532087,0.928125,0.9495967741935484
dsl,6,48,343,-6.86,0.03465834734532087,0.928125,0.9495967741935484
dsl,6,48,344,-6.88,0.03465834734532087,0.928125,0.9495967741935484
dsl,6,48,345,-6.9,0.03465834734532087,0.928125,0.9495967741935484
dsl,6,48,346,-6.92,0.03465834734532087,0.928125,0.9495967741935484
dsl,6,48,347,-6.94,0.03465834734532087,0.928125,0.9495967741935484
dsl,6,48,348,-6.96,0.03465834734532087,0.928125,0.9495967741935484
dsl,6,48,349,-6.98,0.03465834734532087,0.928125,0.9495967741935484
dsl,6,48,350,-7.0,0.03465834734532087,0.928125,0.9495967741935484
dsl,6,48,351,-7.02,0.03465834734532087,0.928125,0.9495967741935484
dsl,6,48,352,-7.04,0.03465834734532087,0.928125,0.9495967741935484
dsl,6,48,353,-7.06,0.03465834734532087,0.928125,0.9495967741935484
dsl,6,48,354,-7.08,0.03465834734532087,0.928125,0.9495967741935484
dsl,6,48,355,-7.1,0.03465834734532087,0.928125,0.9495967741935484
dsl,6,48,356,-7.12,0.03465834734532087,0.928125,0.9495967741935484
dsl,6,48,357,-7.14,0.03465834734532087,0.928125,0.9495967741935484
dsl,6,48,358,-7.16,0.03465834734532087,0.928125,0.9495967741935484
dsl,6,48,359,-7.18,0.03465834734532087,0.928125,0.9495967741935484
dsl,6,48,360,-7.2,0.03465834734532087,0.928125,0.9495967741935484
dsl,6,48,361,-7.22,0.03465834734532087,0.928125,0.9495967741935484
dsl,6,48,362,-7.24,0.03465834734532087,0.928125,0.9495967741935484
dsl,6,48,363,-7.26,0.03465834734532087,0.928125,0.9495967741935484
dsl,6,48,364,-7.28,0.03465834734532087,0.928125,0.9495967741935484
dsl,6,48,365,-7.3,0.03465834734532087,0.928125,0.9495967741935484
dsl,6,48,366,-7.32,0.03465834734532087,0.928125,0.9495967741935484
dsl,6,48,367,-7.34,0.03465834734532087,0.928125,0.9495967741935484
dsl,6,48,368,-7.36,0.03465834734532087,0.928125,0.9495967741935484
dsl,6,48,369,-7.38,0.03465834734532087,0.928125,0.9495967741935484
dsl,6,48,370,-7.4,0.03465834734532087,0.928125,0.9495967741935484
dsl,6,48,371,-7.42,0.03465834734532087,0.928125,0.9495967741935484
dsl,6,48,372,-7.44,0.03465834734532087,0.928125,0.9495967741935484
dsl,6,48,373,-7.46,0.03465834734532087,0.928125,0.9495967741935484
dsl,6,48,374,-7.48,0.03465834734532087,0.928125,0.9495967741935484
dsl,6,48,375,-7.5,0.03465834734532087,0.928125,0.9495967741935484
dsl,6,48,376,-7.52,0.03465834734532087,0.928125,0.9495967741935484
dsl,6,48,377,-7.54,0.03465834734532087,0.928125,0.9495967741935484
dsl,6,48,378,-7.56,0.03465834734532087,0.928125,0.9495967741935484
dsl,6,48,379,-7.58,0.03465834734532087,0.928125,0.9495967741935484
dsl,6,48,380,-7.6,0.03465834734532087,0.928125,0.9495967741935484
dsl,6,48,381,-7.62,0.03465834734532087,0.928125,0.9495967741935484
dsl,6,48,382,-7.64,0.03465834734532087,0.928125,0.9495967741935484
dsl,6,48,383,-7.66,0.03465834734532087,0.928125,0.9495967741935484
dsl,6,48,384,-7.68,0.03465834734532087,0.928125,0.9495967741935484
dsl,6,48,385,-7.7,0.03465834734532087,0.928125,0.9495967741935484
dsl,6,48,386,-7.72,0.03465834734532087,0.928125,0.9495967741935484
dsl,6,48,387,-7.74,0.03465834734532087,0.928125,0.9495967741935484
dsl,6,48,388,-7.76,0.03465834734532087,0.928125,0.9495967741935484
dsl,6,48,389,-7.78,0.03465834734532087,0.928125,0.9495967741935484
dsl,6,48,390,-7.8,0.03465834734532087,0.928125,0.9495967741935484
dsl,6,48,391,-7.82,0.03465834734532087,0.928125,0.9495967741935484
dsl,6,48,392,-7.84,0.03465834734532087,0.928125,0.9495967741935484
dsl,6,48,393,-7.86,0.03465834734532087,0.928125,0.9495967741935484
dsl,6,48,394,-7.88,0.03465834734532087,0.928125,0.9495967741935484
dsl,6,48,395,-7.9,0.03465834734532087,0.928125,0.9495967741935484
dsl,6,48,396,-7.92,0.03465834734532087,0.928125,0.9495967741935484
dsl,6,48,397,-7.94,0.03465834734532087,0.928125,0.9495967741935484
dsl,6,48,398,-7.96,0.03465834734532087,0.928125,0.9495967741935484
dsl,6,48,399,-7.98,0.03465834734532087,0.928125,0.9495967741935484
dsl,6,48,400,-8.0,0.03465834734532087,0.928125,0.9495967741935484
dsl,6,48,401,-8.02,0.03465834734532087,0.928125,0.9495967741935484
dsl,6,48,402,-8.04,0.03465834734532087,0.928125,0.9495967741935484
dsl,6,48,403,-8.06,0.03465834734532087,0.928125,0.9495967741935484
dsl,6,48,404,-8.08,0.03465834734532087,0.928125,0.9495967741935484
dsl,6,48,405,-8.1,0.03465834734532087,0.928125,0.9495967741935484
dsl,6,48,406,-8.12,0.03465834734532087,0.928125,0.9495967741935484
dsl,6,48,407,-8.14,0.03465834734532087,0.928125,0.9495967741935484
dsl,6,48,408,-8.16,0.03465834734532087,0.928125,0.9495967741935484
dsl,6,48,409,-8.18,0.03465834734532087,0.928125,0.9495967741935484
dsl,6,48,410,-8.2,0.03465834734532087,0.928125,0.9495967741935484
dsl,6,48,411,-8.22,0.03465834734532087,0.928125,0.9495967741935484
dsl,6,48,412,-8.24,0.03465834734532087,0.928125,0.9495967741935484
dsl,6,48,413,-8.26,0.03465834734532087,0.928125,0.9495967741935484
dsl,6,48,414,-8.28,0.03465834734532087,0.928125,0.9495967741935484
dsl,6,48,415,-8.3,0.03465834734532087,0.928125,0.9495967741935484
dsl,6,48,416,-8.32,0.03465834734532087,0.928125,0.9495967741935484
dsl,6,48,417,-8.34,0.03465834734532087,0.928125,0.9495967741935484
dsl,6,48,418,-8.36,0.03465834734532087,0.928125,0.9495967741935484
dsl,6,48,419,-8.38,0.03465834734532087,0.928125,0.9495967741935484
dsl,6,48,420,-8.4,0.03465834734532087,0.928125,0.9495967741935484
dsl,6,48,421,-8.42,0.03465834734532087,0.928125,0.9495967741935484
dsl,6,48,422,-8.44,0.03465834734532087,0.928125,0.9495967741935484
dsl,6,48,423,-8.46,0.03465834734532087,0.928125,0.9495967741935484
dsl,6,48,424,-8.48,0.03465834734532087,0.928125,0.9495967741935484
dsl,6,48,425,-8.5,0.03465834734532087,0.928125,0.9495967741935484
dsl,6,48,426,-8.52,0.03465834734532087,0.928125,0.9495967741935484
dsl,6,48,427,-8.54,0.03465834734532087,0.928125,0.9495967741935484
dsl,6,48,428,-8.56,0.03465834734532087,0.928125,0.9495967741935484
dsl,6,48,429,-8.58,0.03465834734532087,0.928125,0.9495967741935484
dsl,6,48,430,-8.6,0.03465834734532087,0.928125,0.9495967741935484
dsl,6,48,431,-8.62,0.03465834734532087,0.928125,0.9495967741935484
dsl,6,48,432,-8.64,0.03465834734532087,0.928125,0.9495967741935484
dsl,6,48,433,-8.66,0.03465834734532087,0.928125,0.9495967741935484
dsl,6,48,434,-8.68,0.03465834734532087,0.928125,0.9495967741935484
dsl,6,48,435,-8.7,0.03465834734532087,0.928125,0.9495967741935484
dsl,6,48,436,-8.72,0.03465834734532087,0.928125,0.9495967741935484
dsl,6,48,437,-8.74,0.03465834734532087,0.928125,0.9495967741935484
dsl,6,48,438,-8.76,0.03465834734532087,0.928125,0.9495967741935484
dsl,6,48,439,-8.78,0.03465834734532087,0.928125,0.9495967741935484
dsl,6,48,440,-8.8,0.03465834734532087,0.928125,0.9495967741935484
dsl,6,48,441,-8.82,0.03465834734532087,0.928125,0.9495967741935484
dsl,6,48,442,-8.84,0.03465834734532087,0.928125,0.9495967741935484
dsl,6,48,443,-8.86,0.03465834734532087,0.928125,0.9495967741935484
dsl,6,48,444,-8.88,0.03465834734532087,0.928125,0.9495967741935484
dsl,6,48,445,-8.9,0.03465834734532087,0.928125,0.9495967741935484
dsl,6,48,446,-8.92,0.03465834734532087,0.928125,0.9495967741935484
dsl,6,48,447,-8.94,0.03465834734532087,0.928125,0.9495967741935484
dsl,6,48,448,-8.96,0.03465834734532087,0.928125,0.9495967741935484
dsl,6,48,449,-8.98,0.03465834734532087,0.928125,0.9495967741935484
dsl,6,48,450,-9.0,0.03465834734532087,0.928125,0.9495967741935484
dsl,6,48,451,-9.02,0.03465834734532087,0.928125,0.9495967741935484
dsl,6,48,452,-9.04,0.03465834734532087,0.928125,0.9495967741935484
dsl,6,48,453,-9.06,0.03465834734532087,0.928125,0.9495967741935484
dsl,6,48,454,-9.08,0.03465834734532087,0.928125,0.9495967741935484
dsl,6,48,455,-9.1,0.03465834734532087,0.928125,0.9495967741935484
dsl,6,48,456,-9.12,0.03465834734532087,0.928125,0.9495967741935484
dsl,6,48,457,-9.14,0.03465834734532087,0.928125,0.9495967741935484
dsl,6,48,458,-9.16,0.03465834734532087,0.928125,0.9495967741935484
dsl,6,48,459,-9.18,0.03465834734532087,0.928125,0.9495967741935484
dsl,6,48,460,-9.2,0.03465834734532087,0.928125,0.9495967741935484
dsl,6,48,461,-9.22,0.03465834734532087,0.928125,0.9495967741935484
dsl,6,48,462,-9.24,0.03465834734532087,0.928125,0.9495967741935484
dsl,6,48,463,-9.26,0.03465834734532087,0.928125,0.9495967741935484
dsl,6,48,464,-9.28,0.03465834734532087,0.928125,0.9495967741935484
dsl,6,48,465,-9.3,0.03465834734532087,0.928125,0.9495967741935484
dsl,6,48,466,-9.32,0.03465834734532087,0.928125,0.9495967741935484
dsl,6,48,467,-9.34,0.03465834734532087,0.928125,0.9495967741935484
dsl,6,48,468,-9.36,0.03465834734532087,0.928125,0.9495967741935484
dsl,6,48,469,-9.38,0.03465834734532087,0.928125,0.9495967741935484
dsl,6,48,470,-9.4,0.03465834734532087,0.928125,0.9495967741935484
dsl,6,48,471,-9.42,0.03465834734532087,0.928125,0.9495967741935484
dsl,6,48,472,-9.44,0.03465834734532087,0.928125,0.9495967741935484
dsl,6,48,473,-9.46,0.03465834734532087,0.928125,0.9495967741935484
dsl,6,48,474,-9.48,0.03465834734532087,0.928125,0.9495967741935484
dsl,6,48,475,-9.5,0.03465834734532087,0.928125,0.9495967741935484
dsl,6,48,476,-9.52,0.03465834734532087,0.928125,0.9495967741935484
dsl,6,48,477,-9.54,0.03465834734532087,0.928125,0.9495967741935484
dsl,6,48,478,-9.56,0.03465834734532087,0.928125,0.9495967741935484
dsl,6,48,479,-9.58,0.03465834734532087,0.928125,0.9495967741935484
dsl,6,48,480,-9.6,0.03465834734532087,0.928125,0.9495967741935484
dsl,6,48,481,-9.62,0.03465834734532087,0.928125,0.9495967741935484
dsl,6,48,482,-9.64,0.03465834734532087,0.928125,0.9495967741935484
dsl,6,48,483,-9.66,0.03465834734532087,0.928125,0.9495967741935484
dsl,6,48,484,-9.68,0.03465834734532087,0.928125,0.9495967741935484
dsl,6,48,485,-9.7,0.03465834734532087,0.928125,0.9495967741935484
dsl,6,48,486,-9.72,0.03465834734532087,0.928125,0.9495967741935484
dsl,6,48,487,-9.74,0.03465834734532087,0.928125,0.9495967741935484
dsl,6,48,488,-9.76,0.03465834734532087,0.928125,0.9495967741935484
dsl,6,48,489,-9.78,0.03465834734532087,0.928125,0.9495967741935484
dsl,6,48,490,-9.8,0.03465834734532087,0.928125,0.9495967741935484
dsl,6,48,491,-9.82,0.03465834734532087,0.928125,0.9495967741935484
dsl,6,48,492,-9.84,0.03465834734532087,0.928125,0.9495967741935484
dsl,6,48,493,-9.86,0.03465834734532087,0.928125,0.9495967741935484
dsl,6,48,494,-9.88,0.03465834734532087,0.928125,0.9495967741935484
dsl,6,48,495,-9.9,0.03465834734532087,0.928125,0.9495967741935484
dsl,6,48,496,-9.92,0.03465834734532087,0.928125,0.9495967741935484
dsl,6,48,497,-9.94,0.03465834734532087,0.928125,0.9495967741935484
dsl,6,48,498,-9.96,0.03465834734532087,0.928125,0.9495967741935484
dsl,6,48,499,-9.98,0.03465834734532087,0.928125,0.9495967741935484
dsl,6,48,500,-10.0,0.03465834734532087,0.928125,0.9495967741935484
dsl,6,48,501,-10.02,0.03465834734532087,0.928125,0.9495967741935484
dsl,6,48,502,-10.04,0.03465834734532087,0.928125,0.9495967741935484
dsl,6,48,503,-10.06,0.03465834734532087,0.928125,0.9495967741935484
dsl,6,48,504,-10.08,0.03465834734532087,0.928125,0.9495967741935484
dsl,6,48,505,-10.1,0.03465834734532087,0.928125,0.9495967741935484
dsl,6,48,506,-10.12,0.03465834734532087,0.928125,0.9495967741935484
dsl,6,48,507,-10.14,0.03465834734532087,0.928125,0.9495967741935484
dsl,6,48,508,-10.16,0.03465834734532087,0.928125,0.9495967741935484
dsl,6,48,509,-10.18,0.03465834734532087,0.928125,0.9495967741935484
dsl,6,48,510,-10.2,0.03465834734532087,0.928125,0.9495967741935484
dsl,6,48,511,-10.22,0.03465834734532087,0.928125,0.9495967741935484
dsl,6,48,512,-10.24,0.03465834734532087,0.928125,0.9495967741935484
dsl,6,48,513,-10.26,0.03465834734532087,0.928125,0.9495967741935484
dsl,6,48,514,-10.28,0.03465834734532087,0.928125,0.9495967741935484
dsl,6,48,515,-10.3,0.03465834734532087,0.928125,0.9495967741935484
dsl,6,48,516,-10.32,0.03465834734532087,0.928125,0.9495967741935484
dsl,6,48,517,-10.34,0.03465834734532087,0.928125,0.9495967741935484
dsl,6,48,518,-10.36,0.03465834734532087,0.928125,0.9495967741935484
dsl,6,48,519,-10.38,0.03465834734532087,0.928125,0.9495967741935484
dsl,6,48,520,-10.4,0.03465834734532087,0.928125,0.9495967741935484
dsl,6,48,521,-10.42,0.03465834734532087,0.928125,0.9495967741935484
dsl,6,48,522,-10.44,0.03465834734532087,0.928125,0.9495967741935484
dsl,6,48,523,-10.46,0.03465834734532087,0.928125,0.9495967741935484
dsl,6,48,524,-10.48,0.03465834734532087,0.928125,0.9495967741935484
dsl,6,48,525,-10.5,0.03465834734532087,0.928125,0.9495967741935484
dsl,6,48,526,-10.52,0.03465834734532087,0.928125,0.9495967741935484
dsl,6,48,527,-10.54,0.03465834734532087,0.928125,0.9495967741935484
dsl,6,48,528,-10.56,0.03465834734532087,0.928125,0.9495967741935484
dsl,6,48,529,-10.58,0.03465834734532087,0.928125,0.9495967741935484
dsl,6,48,530,-10.6,0.03465834734532087,0.928125,0.9495967741935484
dsl,6,48,531,-10.62,0.03465834734532087,0.928125,0.9495967741935484
dsl,6,48,532,-10.64,0.03465834734532087,0.928125,0.9495967741935484
dsl,6,48,533,-10.66,0.03465834734532087,0.928125,0.9495967741935484
dsl,6,48,534,-10.68,0.03465834734532087,0.928125,0.9495967741935484
dsl,6,48,535,-10.7,0.03465834734532087,0.928125,0.9495967741935484
dsl,6,48,536,-10.72,0.03465834734532087,0.928125,0.9495967741935484
dsl,6,48,537,-10.74,0.03465834734532087,0.928125,0.9495967741935484
dsl,6,48,538,-10.76,0.03465834734532087,0.928125,0.9495967741935484
dsl,6,48,539,-10.78,0.03465834734532087,0.928125,0.9495967741935484
dsl,6,48,540,-10.8,0.03465834734532087,0.928125,0.9495967741935484
dsl,6,48,541,-10.82,0.03465834734532087,0.928125,0.9495967741935484
dsl,6,48,542,-10.84,0.03465834734532087,0.928125,0.9495967741935484
dsl,6,48,543,-10.86,0.03465834734532087,0.928125,0.9495967741935484
dsl,6,48,544,-10.88,0.03465834734532087,0.928125,0.9495967741935484
dsl,6,48,545,-10.9,0.03465834734532087,0.928125,0.9495967741935484
dsl,6,48,546,-10.92,0.03465834734532087,0.928125,0.9495967741935484
dsl,6,48,547,-10.94,0.03465834734532087,0.928125,0.9495967741935484
dsl,6,48,548,-10.96,0.03465834734532087,0.928125,0.9495967741935484
dsl,6,48,549,-10.98,0.03465834734532087,0.928125,0.9495967741935484
dsl,6,48,550,-11.0,0.03465834734532087,0.928125,0.9495967741935484
dsl,6,48,551,-11.02,0.03465834734532087,0.928125,0.9495967741935484
dsl,6,48,552,-11.04,0.03465834734532087,0.928125,0.9495967741935484
dsl,6,48,553,-11.06,0.03465834734532087,0.928125,0.9495967741935484
dsl,6,48,554,-11.08,0.03465834734532087,0.928125,0.9495967741935484
dsl,6,48,555,-11.1,0.03465834734532087,0.928125,0.9495967741935484
dsl,6,48,556,-11.12,0.03465834734532087,0.928125,0.9495967741935484
dsl,6,48,557,-11.14,0.03465834734532087,0.928125,0.9495967741935484
dsl,6,48,558,-11.16,0.03465834734532087,0.928125,0.9495967741935484
dsl,6,48,559,-11.18,0.03465834734532087,0.928125,0.9495967741935484
dsl,6,48,560,-11.2,0.03465834734532087,0.928125,0.9495967741935484
dsl,6,48,561,-11.22,0.03465834734532087,0.928125,0.9495967741935484
dsl,6,48,562,-11.24,0.03465834734532087,0.928125,0.9495967741935484
dsl,6,48,563,-11.26,0.03465834734532087,0.928125,0.9495967741935484
dsl,6,48,564,-11.28,0.03465834734532087,0.928125,0.9495967741935484
dsl,6,48,565,-11.3,0.03465834734532087,0.928125,0.9495967741935484
dsl,6,48,566,-11.32,0.03465834734532087,0.928125,0.9495967741935484
dsl,6,48,567,-11.34,0.04106190072591006,1.0,0.9516129032258065
dsl,6,48,568,-11.36,0.04106190072591006,1.0,0.9516129032258065
dsl,6,48,569,-11.38,0.04106190072591006,1.0,0.9516129032258065
dsl,6,48,570,-11.4,0.04106190072591006,1.0,0.9516129032258065
dsl,6,48,571,-11.42,0.04106190072591006,1.0,0.9516129032258065
dsl,6,48,572,-11.44,0.04106190072591006,1.0,0.9516129032258065
dsl,6,48,573,-11.46,0.04106190072591006,1.0,0.9516129032258065
dsl,6,48,574,-11.48,0.04106190072591006,1.0,0.9516129032258065
dsl,6,48,575,-11.5,0.04106190072591006,1.0,0.9516129032258065
dsl,6,48,576,-11.52,0.04106190072591006,1.0,0.9516129032258065
dsl,6,48,577,-11.54,0.04106190072591006,1.0,0.9516129032258065
dsl,6,48,578,-11.56,0.04106190072591006,1.0,0.9516129032258065
dsl,6,48,579,-11.58,0.04106190072591006,1.0,0.9516129032258065
dsl,6,48,580,-11.6,0.04106190072591006,1.0,0.9516129032258065
dsl,6,48,581,-11.62,0.04106190072591006,1.0,0.9516129032258065
dsl,6,48,582,-11.64,0.04106190072591006,1.0,0.9516129032258065
dsl,6,48,583,-11.66,0.04106190072591006,1.0,0.9516129032258065
dsl,6,48,584,-11.68,0.04106190072591006,1.0,0.9516129032258065
dsl,6,48,585,-11.7,0.04106190072591006,1.0,0.9516129032258065
dsl,6,48,586,-11.72,0.04106190072591006,1.0,0.9516129032258065
dsl,6,48,587,-11.74,0.04106190072591006,1.0,0.9516129032258065
dsl,6,48,588,-11.76,0.04106190072591006,1.0,0.9516129032258065
dsl,6,48,589,-11.78,0.04106190072591006,1.0,0.9516129032258065
dsl,6,48,590,-11.8,0.04106190072591006,1.0,0.9516129032258065
dsl,6,48,591,-11.82,0.04106190072591006,1.0,0.9516129032258065
dsl,6,48,592,-11.84,0.04106190072591006,1.0,0.9516129032258065
dsl,6,48,593,-11.86,0.04106190072591006,1.0,0.9516129032258065
dsl,6,48,594,-11.88,0.04106190072591006,1.0,0.9516129032258065
dsl,6,48,595,-11.9,0.04106190072591006,1.0,0.9516129032258065
dsl,6,48,596,-11.92,0.04106190072591006,1.0,0.9516129032258065
dsl,6,48,597,-11.94,0.04106190072591006,1.0,0.9516129032258065
dsl,6,48,598,-11.96,0.04106190072591006,1.0,0.9516129032258065
dsl,6,48,599,-11.98,0.04106190072591006,1.0,0.9516129032258065
